obama_sixty_fom,obama_sixty,249.11095965103598
obama_wage_fom,obama_wage,116.58328134747349
biden_fom,biden,190.11708505058076
